<?xml version="1.0" encoding="UTF-8"?>
<project-private xmlns="http://www.netbeans.org/ns/project-private/1">
    <editor-bookmarks xmlns="http://www.netbeans.org/ns/editor-bookmarks/2" lastBookmarkId="0"/>
    <open-files xmlns="http://www.netbeans.org/ns/projectui-open-files/2">
        <group>
            <file>file:/D:/3a13/CRUUD/src/produit/Service/Serviceproduits.java</file>
            <file>file:/D:/3a13/CRUUD/src/category/Service/Servicecategory.java</file>
            <file>file:/D:/3a13/CRUUD/src/produit/IService/Iserviceproduits.java</file>
            <file>file:/D:/3a13/CRUUD/src/test/test.java</file>
            <file>file:/D:/3a13/CRUUD/src/category/Entite/category.java</file>
            <file>file:/D:/3a13/CRUUD/src/produit/entite/Produits.java</file>
        </group>
    </open-files>
</project-private>
